Source File	Size	loadResources	load	generateSnapshots	load-configure	scan	loadDepInfo	loadInfo	checkR4R4B	generateNarratives	validate	loadLists	checkConformanceResources	checkConformanceResources2	checkConformanceResources3	generateLogicalMaps	validateExpressions	scanForUsageStats	checkURLsUnique	processProvenanceDetails	generate1	generate2	responsesForQuestionnaire	generateLogicals	makeDependencies	generateExampleZip	generateValidationPack	scanProfilesForR5	scanExamplesForR5
/fsh-generated/resources/ImplementationGuide-cancerscreeningcds.fhir.us.bcsm-cds.json	91072	-	0	0	0	0	0	0	10	398	0	0	0	0	0	0	0	1	0	0	265	465	0	0	0	0	17	0	3
fsh-generated/resources/ActivityDefinition-5YearRiskAssessmentRequest.json	2258	4	0	0	0	0	0	0	0	45	0	0	0	0	0	0	0	0	0	0	18	9	0	0	0	0	0	0	0
fsh-generated/resources/ActivityDefinition-BreastCancerScreeningServiceRequest.json	2318	3	0	0	1	0	0	0	0	24	0	0	0	0	0	0	0	0	0	0	20	11	0	0	0	0	1	0	0
fsh-generated/resources/ActivityDefinition-CommunicateEligible.json	2551	3	0	0	0	0	0	0	0	18	0	0	0	0	0	0	0	0	0	0	20	15	0	0	0	0	0	0	0
fsh-generated/resources/ActivityDefinition-CommunicateNotEligible.json	2575	3	0	0	0	0	0	0	0	17	0	0	0	0	0	0	0	0	0	0	18	13	0	0	0	0	0	0	0
fsh-generated/resources/ActivityDefinition-CommunicateSDMConsiderLifeExpectancy.json	2376	3	0	0	0	0	0	0	0	11	0	0	0	0	0	0	0	0	0	0	19	14	0	0	0	0	0	0	0
fsh-generated/resources/ActivityDefinition-CommunicateSDMContinueScreening.json	2673	2	0	0	0	0	0	0	0	18	0	0	0	0	0	0	0	0	0	0	19	11	0	0	0	0	1	0	0
fsh-generated/resources/ActivityDefinition-CommunicateSDMDelayScreening.json	2649	3	0	0	0	0	0	0	0	16	0	0	0	0	0	0	0	0	0	0	18	7	0	0	0	0	0	0	0
fsh-generated/resources/ActivityDefinition-GeneticCounselingReferralRequest.json	2277	3	0	0	1	0	0	0	0	10	0	0	0	0	0	0	0	1	0	0	25	7	0	0	0	0	0	0	0
fsh-generated/resources/ActivityDefinition-GeneticRiskAssessmentRequest.json	2266	3	0	0	0	0	0	0	0	10	0	0	0	0	0	0	0	0	0	0	23	7	0	0	0	0	0	0	0
fsh-generated/resources/ActivityDefinition-HighRiskSpecialtyReferralRequest.json	2286	3	0	0	0	0	0	0	0	10	0	0	0	0	0	0	0	0	0	0	24	10	0	0	0	0	0	0	0
fsh-generated/resources/ActivityDefinition-ScreeningEligibleQuestionnaireTask.json	2722	2	0	0	0	0	0	0	0	16	0	0	0	0	0	0	0	0	0	0	25	6	0	0	0	0	1	0	0
fsh-generated/resources/CodeSystem-biopsy-result-observation-code-system.json	1262	3	0	0	0	0	0	0	1	19	0	0	0	0	0	0	0	0	0	0	13	1354	0	0	0	0	0	0	0
fsh-generated/resources/CodeSystem-plan-definition-action-code-system.json	2397	3	0	0	1	0	0	0	0	15	0	0	0	0	0	0	0	0	0	0	22	70	0	0	0	0	0	0	0
fsh-generated/resources/CodeSystem-recommendation-flag-code-system.json	612	2	0	0	0	0	0	0	0	15	0	0	0	0	0	0	0	0	0	0	13	43	0	0	0	0	1	0	0
fsh-generated/resources/CodeSystem-screening-observation-code-system.json	3969	2	0	0	0	0	0	0	0	15	0	0	0	0	0	0	0	0	0	0	23	116	0	0	0	0	0	0	0
fsh-generated/resources/Measure-ScreeningDueMeasure.json	3904	2	0	0	0	0	0	0	0	23	0	0	0	0	0	0	0	0	0	0	20	12	0	0	0	0	1	0	0
fsh-generated/resources/Measure-ScreeningTestIncompleteMeasure.json	3965	2	0	0	0	0	0	0	0	20	0	0	0	0	0	0	0	0	0	0	21	7	0	0	0	0	0	0	0
fsh-generated/resources/PlanDefinition-HighLevelFlow.json	2980	2	0	0	0	0	0	0	0	21	0	0	0	0	0	0	0	0	0	0	26	10	0	0	0	0	0	0	0
fsh-generated/resources/PlanDefinition-PrimaryScreeningDecision.json	78677	5	0	0	0	0	0	0	3	126	0	0	0	0	0	0	0	0	0	0	255	83	0	0	0	0	3	0	1
fsh-generated/resources/PlanDefinition-flow-AverageRisk.json	12530	2	0	0	0	0	0	0	1	24	0	0	0	0	0	0	0	0	0	0	52	11	0	0	0	0	1	0	0
fsh-generated/resources/PlanDefinition-flow-DecisionToScreen.json	59245	4	0	0	1	0	0	0	2	71	0	0	0	0	0	0	0	1	0	0	151	48	0	0	0	1	3	0	0
fsh-generated/resources/PlanDefinition-flow-FollowupScreeningResult.json	27380	3	0	0	0	0	0	0	1	48	0	0	0	0	0	0	0	0	0	0	73	14	0	0	0	0	1	0	0
fsh-generated/resources/PlanDefinition-flow-GeneticRiskReferral.json	12435	2	0	0	0	0	0	0	0	24	0	0	0	0	0	0	0	0	0	0	45	13	0	0	0	0	1	0	0
fsh-generated/resources/PlanDefinition-flow-HighRiskExclusions.json	23999	3	0	0	0	0	0	0	1	31	0	0	0	0	0	0	0	0	0	0	76	15	0	0	0	0	1	0	0
fsh-generated/resources/PlanDefinition-flow-HighRiskReferral.json	18610	2	0	0	0	0	0	0	1	32	0	0	0	0	0	0	0	0	0	0	56	14	0	0	0	0	1	0	2
fsh-generated/resources/PlanDefinition-flow-ScreeningEligible.json	15224	3	0	0	0	0	0	0	1	38	0	0	0	0	0	0	0	0	1	0	46	12	0	0	0	0	1	0	0
fsh-generated/resources/PlanDefinition-flow-SpecialPopulations.json	18474	2	0	0	1	0	0	0	0	28	0	0	0	0	0	0	0	0	0	0	55	14	0	0	0	0	1	0	0
fsh-generated/resources/Questionnaire-BreastCancerDecisionToScreenQuestionnaire.json	4930	2	0	0	0	0	0	0	1	30	0	0	0	0	0	0	0	0	0	0	43	25	0	0	0	0	1	0	0
fsh-generated/resources/Questionnaire-BreastCancerGeneticRiskReferralQuestionnaire.json	3171	2	0	0	0	0	0	0	0	19	0	0	0	0	0	0	0	0	0	0	75	20	0	0	0	0	1	0	0
fsh-generated/resources/Questionnaire-BreastCancerHighRiskReferralQuestionnaire.json	2827	1	0	0	0	0	0	0	0	18	0	0	0	0	0	0	0	0	0	0	37	18	0	0	0	0	1	0	0
fsh-generated/resources/Questionnaire-ScreeningEligibleQuestionnaire.json	1546	2	0	0	0	0	0	0	0	14	0	0	0	0	0	0	0	0	0	0	24	405	0	0	0	0	0	0	0
fsh-generated/resources/StructureDefinition-csm-recommendation-flag.json	1582	2	0	7	0	0	0	1	0	14	0	0	1	0	0	0	0	1	0	0	31	182	0	0	0	0	1	0	0
fsh-generated/resources/ValueSet-plan-definition-action-codes.json	577	2	0	0	0	0	0	0	0	41	0	0	0	0	0	0	0	0	0	0	13	155	0	0	0	0	1	0	0
fsh-generated/resources/ValueSet-plan-definition-action-reason-codes.json	4303	1	0	0	1	0	0	0	0	16	0	0	0	0	0	0	0	0	0	0	27	126	0	0	0	0	0	0	0
fsh-generated/resources/ValueSet-recommendation-flag-codes.json	567	2	0	0	0	0	0	0	1	2	0	0	0	0	0	0	0	0	0	0	13	47	0	0	0	0	0	0	0
input/examples/AverageRisk_v1.0.0/bundles/eve-Age45to54_act-acsavgrecs45_act-uspstfavgrecs.json	1276	2	12	0	0	0	0	0	0	4	0	0	0	0	0	0	0	0	0	0	13	15	0	0	0	0	0	0	1
input/examples/AverageRisk_v1.0.0/bundles/eve-AgeOver54_act-acsavgrecs55-uspstfavgrecs.json	1272	2	1	0	0	0	0	0	0	1	0	0	0	0	0	0	0	0	0	0	12	13	0	0	0	0	0	0	0
input/examples/AverageRisk_v1.0.0/bundles/eve-age40to44_act-acsavgrecs40_act-uspstfavgrecs.json	441	1	1	0	0	0	0	0	0	0	0	0	0	0	0	0	0	0	0	0	9	7	0	0	0	0	0	0	0
input/examples/AverageRisk_v1.0.0/bundles/eve-age40to44_act-acsavgrecs40_only.json	428	2	1	0	0	0	0	0	0	1	0	0	0	0	0	0	0	0	0	0	8	6	0	0	0	0	0	0	0
input/examples/AverageRisk_v1.0.0/bundles/eve-ageUnder40_act-acsavgrecs40_act-uspstfavgrecs.json	442	1	1	0	0	0	0	0	0	0	0	0	0	0	0	0	0	0	0	0	9	8	0	0	0	0	0	0	0
input/examples/DecisionToScreen_v1.0.0/bundles/act-avgrisk.json	404	2	0	0	0	0	0	0	0	1	0	0	0	0	0	0	0	0	0	0	8	8	0	0	0	0	0	0	0
input/examples/DecisionToScreen_v1.0.0/bundles/act-lactating__act-avgrisk.json	1043	1	5	0	0	0	0	0	0	4	0	0	0	0	0	0	0	0	0	0	10	12	0	0	0	0	0	0	0
input/examples/DecisionToScreen_v1.0.0/bundles/act-sdmcontinueage__act-avgrisk.json	446	2	1	0	0	0	0	0	0	1	0	0	0	0	0	0	0	0	0	0	9	5	0	0	0	0	0	0	0
input/examples/DecisionToScreen_v1.0.0/bundles/act-sdmcontinueage__act-lactating__act-avgrisk.json	1107	2	1	0	0	0	0	0	0	2	0	0	0	0	0	0	0	0	0	0	15	9	0	0	0	0	0	0	0
input/examples/DecisionToScreen_v1.0.0/bundles/act-sdmcontinueage__act-sdmcontinuelifexp__act-avgrisk.json	1118	2	1	0	0	0	0	0	0	2	0	0	0	0	0	0	0	0	0	0	16	11	0	0	0	0	0	0	0
input/examples/DecisionToScreen_v1.0.0/bundles/act-sdmcontinueage__act-sdmcontinuelifexp__act-lactating__act-avgrisk.json	1779	2	1	0	0	0	0	0	0	2	0	0	0	0	0	0	0	0	0	0	15	12	0	0	0	0	0	0	0
input/examples/DecisionToScreen_v1.0.0/bundles/act-sdmcontinueage_act-sdmcontinuelifexp_end-decisionhighrisk.json	2510	1	4	0	0	0	0	0	0	3	0	0	0	0	0	0	0	0	0	0	14	15	0	0	0	0	0	0	0
input/examples/DecisionToScreen_v1.0.0/bundles/act-sdmcontinuelifexp__act-avgrisk.json	1054	3	1	0	0	0	0	0	0	2	0	0	0	0	0	0	0	0	0	0	11	11	0	0	0	0	0	0	0
input/examples/DecisionToScreen_v1.0.0/bundles/act-sdmcontinuelifexp__act-lactating__act-avgrisk.json	1693	2	2	0	0	0	0	0	0	2	0	0	0	0	0	0	0	0	0	0	16	13	0	0	0	0	0	0	0
input/examples/DecisionToScreen_v1.0.0/bundles/act-sdmcontinuelifexp__end-decisionspecialpop.json	1752	2	2	0	0	0	0	0	0	36	0	0	0	0	0	0	0	0	0	0	19	15	0	0	0	0	0	0	0
input/examples/DecisionToScreen_v1.0.0/bundles/act-sdmcontinuelifexp__eve-highriskexclusions__end-decisionhighrisk.json	2450	2	2	0	0	0	0	0	1	3	0	0	0	0	0	0	0	0	0	0	18	16	0	0	0	0	0	0	0
input/examples/DecisionToScreen_v1.0.0/bundles/eve-AgeOver74__act-sdmcontinueage__eve-highriskexclusions__end-decisionhighrisk.json	1879	3	1	0	0	0	0	0	0	1	0	0	0	0	0	0	0	0	0	0	20	15	0	0	0	0	0	0	0
input/examples/DecisionToScreen_v1.0.0/bundles/eve-AgeOver74_yes_eve-LifeExp_yes.json	1097	3	2	0	0	0	0	0	0	2	0	0	0	0	0	0	0	0	0	0	15	12	0	0	0	0	0	0	0
input/examples/DecisionToScreen_v1.0.0/bundles/eve-highriskexclusions__end-decisionhighrisk.json	1800	2	2	0	0	0	0	0	0	1	0	0	0	0	0	0	0	0	0	0	12	14	0	0	0	0	0	0	0
input/examples/DecisionToScreen_v1.0.0/bundles/eve-specialpop_yes_end-decisionspecialpop.json	1121	3	2	0	0	0	0	0	0	2	0	0	0	0	0	0	0	0	0	0	11	11	0	0	0	0	0	0	0
input/examples/FollowupScreeningResult_v1.0.0/bundles/eve-actionablebirads_no_act-updateduedate.json	1222	1	1	0	0	0	0	0	0	1	0	0	0	0	0	0	0	0	0	0	10	9	0	0	0	0	0	0	0
input/examples/FollowupScreeningResult_v1.0.0/bundles/eve-biopsyresult_atypical_act-highriskreferral.json	1872	2	2	0	0	0	0	0	0	6	0	0	0	0	0	0	0	0	0	0	11	17	0	0	0	0	0	0	0
input/examples/FollowupScreeningResult_v1.0.0/bundles/eve-biopsyresult_discordant_act-discordantbiopsy.json	1876	2	2	0	0	0	0	0	1	4	0	0	0	0	0	0	0	0	0	0	12	17	0	0	0	0	0	0	0
input/examples/FollowupScreeningResult_v1.0.0/bundles/eve-biopsyresult_indeterminate_act-indeterminatebiopsy.json	1885	1	2	0	0	0	0	0	0	6	0	0	0	0	0	0	0	0	0	0	12	20	0	0	0	0	0	0	0
input/examples/FollowupScreeningResult_v1.0.0/bundles/eve-biopsyresult_malignant_act-oncreferral.json	1869	2	1	0	0	0	0	0	0	4	0	0	0	0	0	0	0	0	0	0	14	20	0	0	0	0	0	0	0
input/examples/FollowupScreeningResult_v1.0.0/bundles/eve-biopsyresult_missing_error.json	1040	2	2	0	0	0	0	0	0	1	0	0	0	0	0	0	0	0	0	0	10	10	0	0	0	0	0	0	0
input/examples/FollowupScreeningResult_v1.0.0/bundles/eve-biopsyresult_negative_act-updateduedate.json	1869	1	2	0	0	0	0	0	0	4	0	0	0	0	0	0	0	0	0	0	12	18	0	0	0	0	0	0	0
input/examples/FollowupScreeningResult_v1.0.0/bundles/eve-biopsyresult_uknown_error.json	1854	2	1	0	0	0	0	0	0	6	0	0	0	0	0	0	0	0	0	0	11	17	0	0	0	0	0	0	0
input/examples/FollowupScreeningResult_v1.0.0/bundles/eve-biradsscore_bi-rads_0_act-incompletescreen.json	1290	1	2	0	0	0	0	0	0	1	0	0	0	0	0	0	0	0	0	0	10	9	0	0	0	0	0	0	0
input/examples/FollowupScreeningResult_v1.0.0/bundles/eve-biradsscore_bi-rads_3_act-intervalscreen.json	1303	3	2	0	0	0	0	0	0	1	0	0	0	0	0	0	0	0	0	0	10	11	0	0	0	0	0	0	0
input/examples/FollowupScreeningResult_v1.0.0/bundles/eve-biradsscore_bi-rads_4_or_5_act-biopsy.json	1302	2	1	0	0	0	0	0	1	0	0	0	0	0	0	0	0	0	0	0	9	9	0	0	0	0	0	0	0
input/examples/FollowupScreeningResult_v1.0.0/bundles/eve-biradsscore_bi-rads_6_end-followup.json	1283	1	2	0	1	0	0	0	0	1	0	0	0	0	0	0	0	0	0	0	14	10	0	0	0	0	0	0	0
input/examples/FollowupScreeningResult_v1.0.0/bundles/eve-biradsscore_bi-rads_missing_error.json	947	2	1	0	0	0	0	0	0	1	0	0	0	0	0	0	0	0	0	0	10	10	0	0	0	0	0	0	0
input/examples/FollowupScreeningResult_v1.0.0/bundles/eve-biradsscore_bi-rads_unknown_error.json	1206	1	1	0	0	0	0	0	0	317	0	0	0	0	0	0	0	0	0	0	9	9	0	0	0	0	0	0	0
input/examples/FollowupScreeningResult_v1.0.0/bundles/eve-biradsscore_mri__bi-rads_4_or_5_act-biopsy.json	1287	2	1	0	0	0	0	0	0	1	0	0	0	0	0	0	0	0	0	0	11	10	0	0	0	0	0	0	0
input/examples/GeneticRiskReferral_v1.0.0/bundles/eve-fhxgeneinherited_no_eve-brcageneancestry_no_eve-fhxbrcaovcatubalperit_no_end-nofhx.json	479	1	1	0	0	0	0	0	0	1	0	0	0	0	0	0	0	0	0	0	8	7	0	0	0	0	0	0	0
input/examples/GeneticRiskReferral_v1.0.0/bundles/eve-fhxgeneinherited_no_eve-brcageneancestry_no_eve-fhxbrcaovcatubalperit_yes_act-fhxriskassess__eve-fhxriskresult_negative_end-geneticrisk.json	2274	2	4	0	0	0	0	0	0	3	0	0	0	0	0	0	0	0	0	0	13	14	0	0	0	0	0	0	0
input/examples/GeneticRiskReferral_v1.0.0/bundles/eve-fhxgeneinherited_no_eve-brcageneancestry_no_eve-fhxbrcaovcatubalperit_yes_act-fhxrisktool__eve-fhxriskresult_positive_act-geneticreferral.json	2269	2	2	0	0	0	0	0	1	1	0	0	0	0	0	0	0	0	0	0	12	13	0	0	0	0	0	0	0
input/examples/GeneticRiskReferral_v1.0.0/bundles/eve-fhxgeneinherited_no_eve-brcageneancestry_no_eve-fhxbrcaovcatubalperit_yes_act-fhxrisktool_act-fhxriskassess.json	1323	1	1	0	0	0	0	0	0	1	0	0	0	0	0	0	0	0	0	0	10	11	0	0	0	0	0	0	0
input/examples/GeneticRiskReferral_v1.0.0/bundles/eve-fhxgeneinherited_no_eve-brcageneancestry_no_eve-fhxbrcaovcatubalperit_yes_eve-preferredfhxriskmethod_informal_act-fhxriskassess__eve-fhxriskresult_positive_act-geneticreferral.json	2307	2	1	0	0	0	0	0	0	3	0	0	0	0	0	0	0	0	0	0	12	12	0	0	0	0	0	0	0
input/examples/GeneticRiskReferral_v1.0.0/bundles/eve-fhxgeneinherited_no_eve-brcageneancestry_yes_act-geneticreferral.json	1111	1	1	0	0	0	0	0	0	1	0	0	0	0	0	0	0	0	0	0	11	11	0	0	0	0	0	0	0
input/examples/GeneticRiskReferral_v1.0.0/bundles/eve-fhxgeneinherited_yes_eve-unkvariantstatus_no_end-variantknown.json	1744	2	1	0	0	0	0	0	0	2	0	0	0	0	0	0	0	0	0	0	11	11	0	0	0	0	0	0	0
input/examples/GeneticRiskReferral_v1.0.0/bundles/eve-fhxgeneinherited_yes_eve-unkvariantstatus_yes_act-geneticreferral.json	1749	2	1	0	0	0	0	0	0	1	0	0	0	0	0	0	0	0	0	0	12	10	0	0	0	0	0	0	0
input/examples/HighRiskExclusions_v1.0.0/bundles/act-acsmammoatypicalbx_act-acsatypicalbx_warning_missing.json	1852	1	0	0	0	0	0	0	1	1	0	0	0	0	0	0	0	0	0	0	11	12	0	0	0	0	0	0	0
input/examples/HighRiskExclusions_v1.0.0/bundles/act-hxbreastcawithin5y.json	1744	2	1	0	0	0	0	0	0	1	0	0	0	0	0	0	0	0	0	0	11	11	0	0	0	0	0	0	0
input/examples/HighRiskExclusions_v1.0.0/bundles/act-noexclusions.json	409	1	1	0	0	0	0	0	0	1	0	0	0	0	0	0	0	0	0	0	10	7	0	0	0	0	0	0	0
input/examples/HighRiskExclusions_v1.0.0/bundles/act-startat25yand8yafterRT.json	1473	2	2	0	0	0	0	0	0	246	0	0	0	0	0	0	0	0	0	0	13	10	0	0	0	0	0	0	0
input/examples/HighRiskExclusions_v1.0.0/bundles/eve-acsgeneticrisk__act-acshighriskmammo__act-acshighriskmri.json	2013	1	1	0	0	0	0	0	0	2	0	0	0	0	0	0	0	0	0	0	12	11	0	0	0	0	0	0	0
input/examples/HighRiskExclusions_v1.0.0/bundles/eve-atypicalbx__eve-highlifetimerisk__act-acshighriskmammo__act-acshighriskmri.json	1944	2	1	0	0	0	0	0	0	3	0	0	0	0	0	0	0	0	0	0	12	11	0	0	0	0	0	0	0
input/examples/HighRiskExclusions_v1.0.0/bundles/eve-geneticrisk_yes_eve-acsgeneticrisk_no_act-othergeneticrisk.json	1121	1	1	0	0	0	0	0	0	1	0	0	0	0	0	0	0	0	0	0	11	9	0	0	0	0	0	0	0
input/examples/HighRiskExclusions_v1.0.0/bundles/eve-hxbreastca_yes_eve-hxbreastcawithin5y_no_act-acsintriskmammo.json	1786	2	1	0	0	0	0	0	0	1	0	0	0	0	0	0	0	0	0	0	11	10	0	0	0	0	0	0	0
input/examples/HighRiskReferral_v1.0.0/bundles/eve-atypicalbxpop__act-HighRiskReferralAtypicalBiopsy_warning_missing.json	1865	1	1	0	0	0	0	0	1	1	0	0	0	0	0	0	0	0	0	0	12	11	0	0	0	0	0	0	0
input/examples/HighRiskReferral_v1.0.0/bundles/eve-atypicalbxpop__act-HighRiskReferral_act-estlifexpectancy.json	2105	2	1	0	0	0	0	0	0	3	0	0	0	0	0	0	0	0	0	0	11	12	0	0	0	0	0	0	0
input/examples/HighRiskReferral_v1.0.0/bundles/eve-chestxrtpop__act-HighRiskReferral.json	1484	2	1	0	0	0	0	0	0	1	0	0	0	0	0	0	0	0	0	0	16	14	0	0	0	0	0	0	0
input/examples/HighRiskReferral_v1.0.0/bundles/eve-fhxbrca_eve-ageAtLeast35_act-HighRiskAssessment.json	1404	1	0	0	0	0	0	0	0	2	0	0	0	0	0	0	0	0	0	0	13	10	0	0	0	0	0	0	0
input/examples/HighRiskReferral_v1.0.0/bundles/eve-fhxbrca_eve-fiveyrriskpop_lt5y_act-HighRiskAssessment.json	2485	2	2	0	0	0	0	0	0	3	0	0	0	0	0	0	0	1	0	0	13	13	0	0	0	0	0	0	0
input/examples/HighRiskReferral_v1.0.0/bundles/eve-fiveyrrisklowpop_eve-ageAtLeast35_act-ConsiderHighRiskReferral.json	1184	1	1	0	0	0	0	0	0	1	0	0	0	0	0	0	0	0	0	0	11	11	0	0	0	0	0	0	0
input/examples/HighRiskReferral_v1.0.0/bundles/eve-fiveyrriskpop_eve-ageAtLeast35_act-HighRiskReferral.json	1170	2	0	0	0	0	0	0	0	1	0	0	0	0	0	0	0	0	0	0	12	10	0	0	0	0	0	0	0
input/examples/HighRiskReferral_v1.0.0/bundles/eve-geneticriskpop__act-HighRiskReferral.json	1327	2	1	0	0	0	0	0	0	1	0	0	0	0	0	0	0	0	0	0	11	10	0	0	0	0	0	0	0
input/examples/HighRiskReferral_v1.0.0/bundles/eve-personalriskfactors__act-HighRiskAssessment.json	1154	1	1	0	0	0	0	0	1	2	0	0	0	0	0	0	0	0	0	0	12	10	0	0	0	0	0	0	0
input/examples/HighRiskReferral_v1.0.0/bundles/exc-hxbrca.json	1810	2	1	0	0	0	0	0	0	1	0	0	0	0	0	0	0	0	0	0	11	11	0	0	0	0	0	0	0
input/examples/PrimaryScreeningDecision_v1.0.0/bundles/CheckIsIncludedAndNotExcluded_false.json	437	1	1	0	0	0	0	0	0	0	0	0	0	0	0	0	0	0	0	0	11	7	0	0	0	0	0	0	0
input/examples/PrimaryScreeningDecision_v1.0.0/bundles/IsScreeningEligible_false.json	1760	2	1	0	0	0	0	0	0	1	0	0	0	0	0	0	0	0	0	0	12	11	0	0	0	0	0	0	0
input/examples/PrimaryScreeningDecision_v1.0.0/bundles/IsScreeningEligible_true.json	417	1	1	0	1	0	0	0	0	1	0	0	0	0	0	0	0	0	0	0	10	6	0	0	0	0	0	0	0
input/examples/PrimaryScreeningDecision_v1.0.0/bundles/JaniceMedford_fdr_breastca_age_45.json	2282	2	2	0	0	0	0	0	0	255	0	0	0	0	0	0	0	0	0	0	14	12	0	0	0	0	0	0	0
input/examples/PrimaryScreeningDecision_v1.0.0/bundles/JosephineGreene-past-breast-pain-adh-biopsy.json	4809	2	2	0	0	0	0	0	1	5	0	0	0	0	0	0	0	0	0	0	18	20	0	0	0	0	0	0	0
input/examples/PrimaryScreeningDecision_v1.0.0/bundles/JustineWallace_brca1.json	3099	1	1	0	0	0	0	0	0	1	0	0	0	0	0	0	0	0	0	0	14	12	0	0	0	0	0	0	0
input/examples/PrimaryScreeningDecision_v1.0.0/bundles/LindaNadler-dcis.json	4154	2	2	0	0	0	0	0	0	2	0	0	0	0	0	0	0	0	0	0	16	15	0	0	0	0	0	0	0
input/examples/PrimaryScreeningDecision_v1.0.0/bundles/MarionHenderson_avg_45_to_54.json	1305	2	2	0	0	0	0	0	0	0	0	0	0	0	0	0	0	0	0	0	13	7	0	0	0	0	0	0	0
input/examples/PrimaryScreeningDecision_v1.0.0/bundles/NadiaWills_palpable_breast_mass.json	3173	1	1	0	0	0	0	0	0	4	0	0	0	0	0	0	0	0	0	0	16	17	0	0	0	0	0	0	0
input/examples/PrimaryScreeningDecision_v1.0.0/bundles/PatriciaLambert_remission_lt_5_years.json	9092	2	7	0	0	0	0	0	1	5	0	0	0	0	0	0	0	0	0	0	31	25	0	0	0	0	0	0	1
input/examples/ScreeningDue_v1.0.0/bundles/Denominator_Exclusion_Has_Hospice.json	934	2	6	0	0	0	0	0	0	2	0	0	0	0	0	0	0	0	0	0	9	9	0	0	0	0	0	0	0
input/examples/ScreeningDue_v1.0.0/bundles/eve-nextdueexists_no_eve-noscreening27mo_yes_act-determinedue.json	454	1	1	0	0	0	0	0	0	0	0	0	0	0	0	0	0	0	0	0	7	7	0	0	0	0	1	0	0
input/examples/ScreeningDue_v1.0.0/bundles/eve-nextdueexists_yes_eve-screeninginterval_annual_eve-dueannual_due.json	2007	2	7	0	0	0	0	0	0	2	0	0	0	0	0	0	0	0	0	0	11	23	0	0	0	0	0	0	0
input/examples/ScreeningDue_v1.0.0/bundles/eve-nextdueexists_yes_eve-screeninginterval_annual_eve-dueannual_not_due_end-notdue2.json	2023	1	1	0	0	0	0	0	0	2	0	0	0	0	0	0	0	0	0	0	11	20	0	0	0	0	0	0	0
input/examples/ScreeningDue_v1.0.0/bundles/eve-nextdueexists_yes_eve-screeninginterval_annual_eve-dueannual_overdue_act-overdue.json	2023	2	1	0	0	0	0	0	1	1	0	0	0	0	0	0	0	0	0	0	12	21	0	0	0	0	0	0	0
input/examples/ScreeningDue_v1.0.0/bundles/eve-nextdueexists_yes_eve-screeninginterval_biennial_eve-duebiennial_due.json	2011	2	1	0	0	0	0	0	0	2	0	0	0	0	0	0	0	0	0	0	12	21	0	0	0	0	0	0	0
input/examples/ScreeningDue_v1.0.0/bundles/eve-nextdueexists_yes_eve-screeninginterval_biennial_eve-duebiennial_not_due_end-notdue3.json	2027	1	1	0	0	0	0	0	0	3	0	0	0	0	0	0	0	0	0	0	14	21	0	0	0	0	0	0	0
input/examples/ScreeningDue_v1.0.0/bundles/eve-nextdueexists_yes_eve-screeninginterval_biennial_eve-duebiennial_overdue_act-overdue.json	2027	2	1	0	1	0	0	0	0	2	0	0	0	0	0	0	0	0	0	0	12	19	0	0	0	0	0	0	0
input/examples/ScreeningDue_v1.0.0/bundles/eve-nextdueexists_yes_eve-screeninginterval_unknown_eve-due_due.json	1864	2	1	0	0	0	0	0	0	2	0	0	0	0	0	0	0	0	0	0	13	20	0	0	0	0	0	0	0
input/examples/ScreeningDue_v1.0.0/bundles/eve-nextdueexists_yes_eve-screeninginterval_unknown_eve-due_not_due_end-notdue1.json	1880	1	1	0	0	0	0	0	0	2	0	0	0	0	0	0	0	0	0	0	12	18	0	0	0	0	0	0	0
input/examples/ScreeningDue_v1.0.0/bundles/eve-nextdueexists_yes_eve-screeninginterval_unknown_eve-due_overdue_act-overdue.json	1880	2	1	0	0	0	0	0	1	3	0	0	0	0	0	0	0	0	0	0	12	19	0	0	0	0	0	0	0
input/examples/ScreeningEligible_v1.0.0/bundles/act-eligible.json	604	1	1	0	0	0	0	0	0	1	0	0	0	0	0	0	0	0	0	0	9	7	0	0	0	0	0	0	0
input/examples/ScreeningEligible_v1.0.0/bundles/eve-breastfindings_yes_act-dxtesting.json	1283	2	0	0	0	0	0	0	0	1	0	0	0	0	0	0	0	0	0	0	12	10	0	0	0	0	0	0	0
input/examples/ScreeningEligible_v1.0.0/bundles/eve-breastsymptoms_yes_act-dxtesting.json	1283	2	1	0	0	0	0	0	0	2	0	0	0	0	0	0	0	0	0	0	12	11	0	0	0	0	0	0	0
input/examples/ScreeningEligible_v1.0.0/bundles/eve-female_no_end-noteligible.json	976	1	1	0	0	0	0	0	0	1	0	0	0	0	0	0	0	0	0	0	11	8	0	0	0	0	0	0	0
input/examples/ScreeningEligible_v1.0.0/bundles/eve-female_yes_eve-breastca_yes_end-noteligible.json	2003	2	1	0	0	0	0	0	0	1	0	0	0	0	0	0	0	0	0	0	12	11	0	0	0	0	0	0	0
input/examples/ScreeningEligible_v1.0.0/bundles/eve-mastectomy_yes_end-noteligible.json	1538	1	1	0	0	0	0	0	0	226	0	0	0	0	0	0	0	0	0	0	12	12	0	0	0	0	0	0	0
input/examples/ScreeningEligible_v1.0.0/bundles/inc-AgeAtLeast18_MostRecentAgeValue_yes.json	1026	2	1	0	0	0	0	0	0	1	0	0	0	0	0	0	0	0	0	0	13	9	0	0	0	0	0	0	0
input/examples/ScreeningEligible_v1.0.0/bundles/inc-AgeAtLeast18_error.json	406	2	1	0	0	0	0	0	0	1	0	0	0	0	0	0	0	0	0	0	9	8	0	0	0	0	0	0	0
input/examples/ScreeningEligible_v1.0.0/bundles/inc-AgeAtLeast18_no.json	438	1	1	0	0	0	0	0	0	0	0	0	0	0	0	0	0	0	0	0	8	6	0	0	0	0	0	0	0
input/examples/ScreeningEligible_v1.0.0/bundles/inc-AgeAtLeast18_yes.json	439	2	1	0	0	0	0	0	0	1	0	0	0	0	0	0	0	0	0	0	9	6	0	0	0	0	0	0	0
input/examples/ScreeningEligible_v1.0.0/bundles/inc-assignedfemaleatbirthortransfemale_no.json	632	2	1	0	0	0	0	0	0	0	0	0	0	0	0	0	0	0	0	0	10	4	0	0	0	0	0	0	0
input/examples/ScreeningEligible_v1.0.0/bundles/inc-assignedfemaleatbirthortransfemale_yes.json	1016	1	1	0	0	0	0	0	1	0	0	0	0	0	0	0	0	0	0	0	10	5	0	0	0	1	0	0	0
input/examples/ScreeningTestIncomplete_v1.0.0/bundles/eve-pendingbiopsy_act-testpending.json	1188	2	1	0	0	0	0	0	0	1	0	0	0	0	0	0	0	0	0	0	10	7	0	0	0	0	0	0	0
input/examples/ScreeningTestIncomplete_v1.0.0/bundles/eve-pendingmammo_act-testpending.json	865	1	1	0	0	0	0	0	0	1	0	0	0	0	0	0	0	0	0	0	10	7	0	0	0	0	0	0	0
input/examples/SpecialPopulations_v1.0.0/bundles/eve-breastdensitycord_act-performriskassessment.json	1190	2	0	0	0	0	0	0	0	1	0	0	0	0	0	0	0	0	0	0	10	7	0	0	0	0	0	0	0
input/examples/SpecialPopulations_v1.0.0/bundles/eve-fhxbrcarisk_eve-acs_act-performriskassessment.json	1076	1	1	0	0	0	0	0	0	1	0	0	0	0	0	0	0	0	0	0	9	6	0	0	0	0	0	0	0
input/examples/SpecialPopulations_v1.0.0/bundles/eve-fhxbrcarisk_uspstf_only.json	1054	2	1	0	0	0	0	0	0	1	0	0	0	0	0	0	0	0	0	0	10	5	0	0	0	0	0	0	0
input/examples/SpecialPopulations_v1.0.0/bundles/eve-firstdeggenetic_eve-acs_act-firstdeggeneticmammo-firstdeggeneticmri.json	1119	1	1	0	0	0	0	0	0	2	0	0	0	0	0	0	0	0	0	0	9	6	0	0	0	0	0	0	0
input/examples/SpecialPopulations_v1.0.0/bundles/eve-highlifetimerisk_eve-acs_act-acshighriskmammo_act-acshighriskmri.json	1148	2	1	0	0	0	0	0	0	1	0	0	0	0	0	0	0	0	0	0	11	6	0	0	0	0	0	0	0
input/examples/apply/AverageRisk_eve-Age45to54_act-acsavgrecs45_act-uspstfavgrecs.json	7926	2	2	0	0	0	0	0	0	13	0	0	0	0	0	0	0	0	0	0	22	26	0	0	0	0	0	0	0
input/examples/apply/AverageRisk_eve-AgeOver54_act-acsavgrecs55-uspstfavgrecs.json	8144	3	1	0	0	0	0	0	1	11	0	0	0	0	0	1	0	0	0	0	25	26	0	0	0	0	0	0	0
input/examples/apply/AverageRisk_eve-age40to44_act-acsavgrecs40_act-uspstfavgrecs.json	7953	4	1	0	0	0	0	0	0	16	0	0	0	0	0	0	0	0	0	0	22	26	0	0	0	0	0	0	0
input/examples/apply/AverageRisk_eve-age40to44_act-acsavgrecs40_only.json	7940	3	2	0	0	0	0	0	0	13	0	0	0	0	0	0	0	0	0	0	23	26	0	0	0	0	0	0	0
input/examples/apply/AverageRisk_eve-ageUnder40_act-acsavgrecs40_act-uspstfavgrecs.json	7954	3	2	0	0	0	0	0	1	12	0	0	0	0	0	0	0	0	0	0	23	26	0	0	0	0	0	0	0
input/examples/apply/DecisionToScreen_act-avgrisk.json	7931	3	2	0	0	0	0	0	0	11	0	0	0	0	0	0	0	1	0	0	22	27	0	0	0	0	0	0	0
input/examples/apply/DecisionToScreen_act-lactating__act-avgrisk.json	9914	4	4	0	1	0	0	0	0	13	0	0	0	0	0	0	0	0	0	0	29	29	0	0	0	0	0	0	0
input/examples/apply/DecisionToScreen_act-sdmcontinueage__act-avgrisk.json	10781	2	1	0	0	0	0	0	1	12	0	0	0	0	0	0	0	0	0	0	34	30	0	0	0	0	0	0	0
input/examples/apply/DecisionToScreen_act-sdmcontinueage__act-lactating__act-avgrisk.json	12786	2	2	0	0	0	0	0	0	14	0	0	0	0	0	0	0	0	0	0	34	35	0	0	0	0	0	0	0
input/examples/apply/DecisionToScreen_act-sdmcontinueage__act-sdmcontinuelifexp__act-avgrisk.json	13715	2	1	0	0	0	0	0	0	15	0	0	0	0	0	0	0	0	0	0	36	35	0	0	0	0	0	0	0
input/examples/apply/DecisionToScreen_act-sdmcontinueage__act-sdmcontinuelifexp__act-lactating__act-avgrisk.json	15720	2	2	0	0	0	0	0	1	14	0	0	0	0	0	0	0	0	0	0	39	29	0	0	0	0	0	0	1
input/examples/apply/DecisionToScreen_act-sdmcontinueage_act-sdmcontinuelifexp_end-decisionhighrisk.json	9981	2	1	0	0	0	0	0	0	11	0	0	0	0	0	0	0	0	0	0	28	20	0	0	0	0	0	0	0
input/examples/apply/DecisionToScreen_act-sdmcontinuelifexp__act-avgrisk.json	10843	2	1	0	0	0	0	0	1	11	0	0	0	0	0	0	0	0	0	0	28	20	0	0	0	0	0	0	0
input/examples/apply/DecisionToScreen_act-sdmcontinuelifexp__act-lactating__act-avgrisk.json	12826	4	1	0	0	0	0	0	0	14	0	0	0	0	0	0	0	0	0	0	32	19	0	0	0	0	0	0	0
input/examples/apply/DecisionToScreen_act-sdmcontinuelifexp__end-decisionspecialpop.json	14059	4	3	0	0	0	0	0	1	15	0	0	0	0	0	0	0	0	0	0	34	26	0	0	0	0	0	0	0
input/examples/apply/DecisionToScreen_act-sdmcontinuelifexp__eve-highriskexclusions__end-decisionhighrisk.json	7352	3	1	0	0	0	0	0	0	7	0	0	0	0	0	0	0	0	0	0	22	22	0	0	0	0	0	0	0
input/examples/apply/DecisionToScreen_eve-AgeOver74__act-sdmcontinueage__eve-highriskexclusions__end-decisionhighrisk.json	7088	3	2	0	0	0	0	0	0	8	0	0	0	0	0	0	0	0	0	0	23	23	0	0	0	0	0	0	0
input/examples/apply/DecisionToScreen_eve-AgeOver74_yes_eve-LifeExp_yes.json	13694	4	1	0	0	0	0	0	1	13	0	0	0	0	0	0	0	0	0	0	34	33	0	0	0	0	0	0	0
input/examples/apply/DecisionToScreen_eve-highriskexclusions__end-decisionhighrisk.json	4440	3	1	0	0	0	0	0	0	7	0	0	0	0	0	0	0	0	0	0	16	22	0	0	0	0	0	0	0
input/examples/apply/DecisionToScreen_eve-specialpop_yes_end-decisionspecialpop.json	11166	3	2	0	0	0	0	0	0	16	0	0	0	0	0	0	0	1	0	0	31	31	0	0	0	0	0	0	0
input/examples/apply/FollowupScreeningResult_JaniceMedford_fdr_breastca_age_45.json	2300	2	3	0	0	0	0	0	0	3	0	0	0	0	0	0	0	0	0	0	12	19	0	0	0	0	0	0	0
input/examples/apply/FollowupScreeningResult_JosephineGreene-past-breast-pain-adh-biopsy.json	4780	1	1	0	0	0	0	0	0	7	0	0	0	0	0	0	0	0	0	0	17	25	0	0	0	0	0	0	0
input/examples/apply/FollowupScreeningResult_JustineWallace_brca1.json	1352	2	1	0	0	0	0	0	0	2	0	0	0	0	0	0	0	0	0	0	9	18	0	0	0	0	0	0	0
input/examples/apply/FollowupScreeningResult_LindaNadler-dcis.json	2275	2	1	0	0	0	0	0	0	2	0	0	0	0	0	0	0	0	0	0	12	20	0	0	0	0	0	0	0
input/examples/apply/FollowupScreeningResult_MarionHenderson_avg_45_to_54.json	2303	1	1	0	0	0	0	0	1	2	0	0	0	0	0	0	0	0	0	0	12	20	0	0	0	0	0	0	0
input/examples/apply/FollowupScreeningResult_NadiaWills_palpable_breast_mass.json	1347	2	1	0	0	0	0	0	0	2	0	0	0	0	0	0	0	0	0	0	11	19	0	0	0	0	0	0	0
input/examples/apply/FollowupScreeningResult_PatriciaLambert_remission_lt_5_years.json	1372	1	1	0	0	0	0	0	0	2	0	0	0	0	0	0	0	0	0	0	11	19	0	0	0	0	0	0	0
input/examples/apply/FollowupScreeningResult_eve-actionablebirads_no_act-updateduedate.json	1351	2	1	0	0	0	0	0	0	1	0	0	0	0	0	0	0	0	0	0	12	19	0	0	0	0	0	0	0
input/examples/apply/FollowupScreeningResult_eve-biopsyresult_atypical_act-highriskreferral.json	4782	2	1	0	0	0	0	0	0	6	0	0	0	0	0	0	0	0	0	0	17	25	0	0	0	0	0	0	0
input/examples/apply/FollowupScreeningResult_eve-biopsyresult_discordant_act-discordantbiopsy.json	4862	1	1	0	0	0	0	0	0	5	0	0	0	0	0	0	0	0	0	0	17	19	0	0	0	0	0	0	0
input/examples/apply/FollowupScreeningResult_eve-biopsyresult_indeterminate_act-indeterminatebiopsy.json	4529	2	1	0	0	0	0	0	0	5	0	0	0	0	0	0	0	0	0	0	17	26	0	0	0	0	0	0	0
input/examples/apply/FollowupScreeningResult_eve-biopsyresult_malignant_act-oncreferral.json	3964	2	1	0	0	0	0	0	1	2	0	0	0	0	0	0	0	0	0	0	16	15	0	0	0	0	0	0	0
input/examples/apply/FollowupScreeningResult_eve-biopsyresult_missing_error.json	2808	1	1	0	0	0	0	0	0	2	0	0	0	0	0	0	0	0	0	0	13	10	0	0	0	0	0	0	0
input/examples/apply/FollowupScreeningResult_eve-biopsyresult_negative_act-updateduedate.json	1353	2	1	0	0	0	0	0	0	1	0	0	0	0	0	0	0	0	0	0	11	10	0	0	0	0	0	0	0
input/examples/apply/FollowupScreeningResult_eve-biopsyresult_uknown_error.json	2278	2	1	0	0	0	0	0	0	2	0	0	0	0	0	0	0	0	0	0	12	10	0	0	0	0	0	0	0
input/examples/apply/FollowupScreeningResult_eve-biradsscore_bi-rads_0_act-incompletescreen.json	5719	1	1	0	0	0	0	0	0	14	0	0	0	0	0	0	0	0	0	0	20	18	0	0	0	0	0	0	0
input/examples/apply/FollowupScreeningResult_eve-biradsscore_bi-rads_3_act-intervalscreen.json	5890	2	1	0	0	0	0	0	0	11	0	0	0	0	0	0	0	0	0	0	22	18	0	0	0	0	0	0	0
input/examples/apply/FollowupScreeningResult_eve-biradsscore_bi-rads_4_or_5_act-biopsy.json	6362	2	1	0	0	0	0	0	0	13	0	0	0	0	0	0	0	0	0	0	21	16	0	0	0	0	0	0	0
input/examples/apply/FollowupScreeningResult_eve-biradsscore_bi-rads_6_end-followup.json	1348	1	1	0	0	0	0	0	0	2	0	0	0	0	0	0	0	0	0	0	10	10	0	0	0	0	0	0	0
input/examples/apply/FollowupScreeningResult_eve-biradsscore_bi-rads_missing_error.json	2813	2	1	0	1	0	0	0	1	2	0	0	0	0	0	0	0	0	0	0	13	10	0	0	0	0	0	0	0
input/examples/apply/FollowupScreeningResult_eve-biradsscore_bi-rads_unknown_error.json	2286	2	0	0	0	0	0	0	0	2	0	0	0	0	0	0	0	0	0	0	13	9	0	0	0	0	0	0	0
input/examples/apply/FollowupScreeningResult_eve-biradsscore_mri__bi-rads_4_or_5_act-biopsy.json	6347	3	2	0	0	0	0	0	0	9	0	0	0	0	0	0	0	0	0	0	22	13	0	0	0	0	0	0	1
input/examples/apply/GeneticRiskReferral_JaniceMedford_fdr_breastca_age_45.json	6108	3	2	0	0	0	0	0	0	6	0	0	0	0	0	0	0	0	0	0	21	15	0	0	0	0	0	0	0
input/examples/apply/GeneticRiskReferral_JosephineGreene-past-breast-pain-adh-biopsy.json	1367	1	1	0	0	0	0	0	0	2	0	0	0	0	0	0	0	0	0	0	12	9	0	0	0	0	0	0	0
input/examples/apply/GeneticRiskReferral_JustineWallace_brca1.json	1340	2	0	0	0	0	0	0	0	2	0	0	0	0	0	0	0	0	0	0	11	10	0	0	0	0	0	0	0
input/examples/apply/GeneticRiskReferral_LindaNadler-dcis.json	1324	2	1	0	0	0	0	0	0	2	0	0	0	0	0	0	0	0	0	0	11	11	0	0	0	0	0	0	0
input/examples/apply/GeneticRiskReferral_MarionHenderson_avg_45_to_54.json	1352	1	1	0	0	0	0	0	0	2	0	0	0	0	0	0	0	0	0	0	10	9	0	0	0	0	0	0	0
input/examples/apply/GeneticRiskReferral_NadiaWills_palpable_breast_mass.json	1335	2	1	0	0	0	0	0	0	1	0	0	0	0	0	0	0	0	0	0	10	10	0	0	0	0	0	0	0
input/examples/apply/GeneticRiskReferral_PatriciaLambert_remission_lt_5_years.json	1360	2	1	0	0	0	0	0	0	2	0	0	0	0	0	0	0	0	0	0	11	10	0	0	0	0	0	0	0
input/examples/apply/GeneticRiskReferral_eve-fhxgeneinherited_no_eve-brcageneancestry_no_eve-fhxbrcaovcatubalperit_no_end-nofhx.json	1384	1	1	0	0	0	0	0	1	2	0	0	0	0	0	0	0	0	0	0	11	9	0	0	0	0	0	0	0
input/examples/apply/GeneticRiskReferral_eve-fhxgeneinherited_no_eve-brcageneancestry_no_eve-fhxbrcaovcatubalperit_yes_act-fhxriskassess__eve-fhxriskresult_negative_end-geneticrisk.json	1437	2	1	0	0	0	0	0	0	1	0	0	0	0	0	0	0	0	0	0	12	13	0	0	0	0	0	0	0
input/examples/apply/GeneticRiskReferral_eve-fhxgeneinherited_no_eve-brcageneancestry_no_eve-fhxbrcaovcatubalperit_yes_act-fhxrisktool__eve-fhxriskresult_positive_act-geneticreferral.json	3825	3	1	0	0	0	0	0	0	6	0	0	0	0	0	0	0	0	0	1	17	15	0	0	0	0	0	0	0
input/examples/apply/GeneticRiskReferral_eve-fhxgeneinherited_no_eve-brcageneancestry_no_eve-fhxbrcaovcatubalperit_yes_act-fhxrisktool_act-fhxriskassess.json	6150	3	1	0	0	0	0	0	0	5	0	0	0	0	0	0	0	0	0	0	21	16	0	0	0	0	0	0	0
input/examples/apply/GeneticRiskReferral_eve-fhxgeneinherited_no_eve-brcageneancestry_no_eve-fhxbrcaovcatubalperit_yes_eve-preferredfhxriskmethod_informal_act-fhxriskassess__eve-fhxriskresult_positive_act-geneticreferral.json	3863	3	1	0	0	0	0	0	0	5	0	0	0	0	0	0	0	0	0	0	17	18	0	0	0	0	0	0	0
input/examples/apply/GeneticRiskReferral_eve-fhxgeneinherited_no_eve-brcageneancestry_yes_act-geneticreferral.json	3814	2	1	0	0	0	0	0	0	3	0	0	0	0	0	0	0	0	0	0	16	13	0	0	0	0	0	0	0
input/examples/apply/GeneticRiskReferral_eve-fhxgeneinherited_yes_eve-unkvariantstatus_no_end-variantknown.json	1363	3	1	0	0	0	0	0	1	2	0	0	0	0	0	0	0	0	0	0	10	11	0	0	0	0	0	0	0
input/examples/apply/GeneticRiskReferral_eve-fhxgeneinherited_yes_eve-unkvariantstatus_yes_act-geneticreferral.json	3935	3	1	0	0	0	0	0	0	3	0	0	0	0	0	0	0	0	0	0	16	21	0	0	0	0	0	0	0
input/examples/apply/HighRiskExclusions_act-acsmammoatypicalbx_act-acsatypicalbx_warning_missing.json	8123	3	1	0	0	0	0	0	0	7	0	0	0	0	0	0	0	0	0	0	24	26	0	0	0	0	0	0	0
input/examples/apply/HighRiskExclusions_act-hxbreastcawithin5y.json	3390	3	1	0	0	0	0	0	0	2	0	0	0	0	0	0	0	0	0	0	14	19	0	0	0	0	0	0	0
input/examples/apply/HighRiskExclusions_act-noexclusions.json	1311	3	1	0	0	0	0	0	0	1	0	0	0	0	0	0	0	0	0	0	10	12	0	0	0	0	0	0	0
input/examples/apply/HighRiskExclusions_act-startat25yand8yafterRT.json	7917	3	2	0	0	0	0	0	0	6	0	0	0	0	0	0	0	0	0	0	23	15	0	0	0	0	0	0	0
input/examples/apply/HighRiskExclusions_eve-acsgeneticrisk__act-acshighriskmammo__act-acshighriskmri.json	8030	4	1	0	0	0	0	0	1	10	0	0	0	0	0	0	0	1	0	0	23	21	0	0	0	0	0	0	0
input/examples/apply/HighRiskExclusions_eve-atypicalbx__eve-highlifetimerisk__act-acshighriskmammo__act-acshighriskmri.json	7943	3	1	0	0	0	0	0	0	11	0	0	0	0	0	0	0	0	0	0	23	18	0	0	0	0	0	0	0
input/examples/apply/HighRiskExclusions_eve-geneticrisk_yes_eve-acsgeneticrisk_no_act-othergeneticrisk.json	3607	3	1	0	0	0	0	0	0	3	0	0	0	0	0	0	0	0	0	0	15	12	0	0	0	0	0	0	0
input/examples/apply/HighRiskExclusions_eve-hxbreastca_yes_eve-hxbreastcawithin5y_no_act-acsintriskmammo.json	4466	2	1	0	0	0	0	0	0	7	0	0	0	0	0	0	0	0	0	0	17	61	0	0	0	0	0	0	0
input/examples/apply/HighRiskReferral_JaniceMedford_fdr_breastca_age_45.json	6724	2	1	0	0	0	0	0	1	12	0	0	0	0	0	0	0	0	0	0	22	15	0	0	0	0	0	0	0
input/examples/apply/HighRiskReferral_JosephineGreene-past-breast-pain-adh-biopsy.json	3744	1	1	0	0	0	0	0	0	8	0	0	0	0	0	0	0	0	0	0	16	11	0	0	0	0	0	0	0
input/examples/apply/HighRiskReferral_JustineWallace_brca1.json	3742	2	1	0	0	0	0	0	0	7	0	0	0	0	0	0	0	0	0	0	16	12	0	0	0	0	0	0	0
input/examples/apply/HighRiskReferral_LindaNadler-dcis.json	2180	2	0	0	1	0	0	0	0	3	0	0	0	0	0	0	0	0	0	0	12	9	0	0	0	0	0	0	0
input/examples/apply/HighRiskReferral_MarionHenderson_avg_45_to_54.json	1343	1	1	0	0	0	0	0	0	2	0	0	0	0	0	0	0	0	0	0	11	9	0	0	0	0	0	0	0
input/examples/apply/HighRiskReferral_NadiaWills_palpable_breast_mass.json	1326	2	1	0	0	0	0	0	0	2	0	0	0	0	0	0	0	0	0	0	11	8	0	0	0	0	0	0	0
input/examples/apply/HighRiskReferral_PatriciaLambert_remission_lt_5_years.json	2216	1	1	0	0	0	0	0	0	2	0	0	0	0	0	0	0	0	0	0	12	9	0	0	0	0	0	0	0
input/examples/apply/HighRiskReferral_eve-atypicalbxpop__act-HighRiskReferralAtypicalBiopsy_warning_missing.json	4656	2	1	0	0	0	0	0	0	8	0	0	0	0	0	0	0	0	0	0	18	12	0	0	0	0	0	0	0
input/examples/apply/HighRiskReferral_eve-atypicalbxpop__act-HighRiskReferral_act-estlifexpectancy.json	5782	2	1	0	0	0	0	0	1	12	0	0	0	0	0	0	0	0	0	0	22	14	0	0	0	0	0	0	0
input/examples/apply/HighRiskReferral_eve-chestxrtpop__act-HighRiskReferral.json	3695	2	1	0	0	0	0	0	0	8	0	0	0	0	0	0	0	0	0	0	17	15	0	0	0	0	0	0	0
input/examples/apply/HighRiskReferral_eve-fhxbrca_eve-ageAtLeast35_act-HighRiskAssessment.json	6794	2	2	0	0	0	0	0	0	14	0	0	0	0	0	0	0	0	0	0	23	18	0	0	0	0	0	0	0
input/examples/apply/HighRiskReferral_eve-fhxbrca_eve-fiveyrriskpop_lt5y_act-HighRiskAssessment.json	6800	1	1	0	0	0	0	0	0	11	0	0	0	0	0	0	0	0	0	0	22	15	0	0	0	0	0	0	0
input/examples/apply/HighRiskReferral_eve-fiveyrrisklowpop_eve-ageAtLeast35_act-ConsiderHighRiskReferral.json	3675	2	1	0	0	0	0	0	0	5	0	0	0	0	0	0	0	0	0	0	19	12	0	0	0	0	0	0	0
input/examples/apply/HighRiskReferral_eve-fiveyrriskpop_eve-ageAtLeast35_act-HighRiskReferral.json	3793	2	1	0	0	0	0	0	1	5	0	0	0	0	0	0	0	0	0	0	16	12	0	0	0	0	0	0	0
input/examples/apply/HighRiskReferral_eve-geneticriskpop__act-HighRiskReferral.json	3729	5	1	0	0	0	0	0	0	6	0	0	0	0	0	0	0	0	0	0	15	11	0	0	0	0	0	0	0
input/examples/apply/HighRiskReferral_eve-personalriskfactors__act-HighRiskAssessment.json	6790	3	1	0	0	0	0	0	0	12	0	0	0	0	0	0	0	0	0	0	23	15	0	0	0	0	0	0	0
input/examples/apply/HighRiskReferral_exc-hxbrca.json	2208	3	1	0	0	0	0	0	0	3	0	0	0	0	0	0	0	0	0	0	12	9	0	0	0	0	0	0	0
input/examples/apply/PrimaryScreeningDecision_CheckIsIncludedAndNotExcluded_false.json	2215	2	1	0	0	0	0	0	0	1	0	0	0	0	0	0	0	0	0	0	11	9	0	0	0	0	0	0	0
input/examples/apply/PrimaryScreeningDecision_IsScreeningEligible_false.json	4150	3	1	0	0	0	0	0	0	6	0	0	0	0	0	0	0	0	0	0	16	11	0	0	0	0	0	0	0
input/examples/apply/PrimaryScreeningDecision_IsScreeningEligible_true.json	7936	3	1	0	0	0	0	0	0	11	0	0	0	0	0	0	0	0	0	0	24	14	0	0	0	0	0	0	1
input/examples/apply/PrimaryScreeningDecision_JaniceMedford_fdr_breastca_age_45.json	7481	4	1	0	0	0	0	0	1	12	0	0	0	0	0	0	0	0	0	0	23	14	0	0	0	0	0	0	0
input/examples/apply/PrimaryScreeningDecision_JosephineGreene-past-breast-pain-adh-biopsy.json	7234	3	1	0	0	0	0	0	0	8	0	0	0	0	0	0	0	0	0	0	21	14	0	0	0	0	0	0	0
input/examples/apply/PrimaryScreeningDecision_JustineWallace_brca1.json	8031	2	1	0	0	0	0	0	0	11	0	0	0	0	0	0	0	0	0	0	21	16	0	0	0	0	0	0	0
input/examples/apply/PrimaryScreeningDecision_LindaNadler-dcis.json	4164	2	1	0	1	0	0	0	0	6	0	0	0	0	0	0	0	0	0	0	17	11	0	0	0	0	0	0	0
input/examples/apply/PrimaryScreeningDecision_MarionHenderson_avg_45_to_54.json	7976	2	1	0	0	0	0	0	1	11	0	0	0	0	0	0	0	0	0	0	25	14	0	0	0	0	0	0	0
input/examples/apply/PrimaryScreeningDecision_NadiaWills_palpable_breast_mass.json	8145	2	2	0	0	0	0	0	0	12	0	0	0	0	0	0	0	0	0	0	22	14	0	0	0	0	0	0	0
input/examples/apply/PrimaryScreeningDecision_PatriciaLambert_remission_lt_5_years.json	4208	2	0	0	0	0	0	0	0	6	0	0	0	0	0	0	0	1	0	0	17	12	0	0	0	0	0	0	0
input/examples/apply/PrimaryScreeningDecision_act-acsmammoatypicalbx_act-acsatypicalbx_warning_missing.json	8120	2	2	0	0	0	0	0	0	10	0	0	0	0	0	0	0	0	0	0	23	15	0	0	0	0	0	0	0
input/examples/apply/PrimaryScreeningDecision_act-avgrisk.json	7934	2	1	0	0	0	0	0	1	10	0	0	0	0	0	0	0	0	0	0	22	14	0	0	0	0	0	0	0
input/examples/apply/PrimaryScreeningDecision_act-eligible.json	8039	2	1	0	0	0	0	0	0	11	0	0	0	0	0	0	0	0	0	0	24	14	0	0	0	0	0	0	0
input/examples/apply/PrimaryScreeningDecision_act-hxbreastcawithin5y.json	4155	2	1	0	0	0	0	0	0	7	0	0	0	0	0	0	0	0	0	0	22	13	0	0	0	0	0	0	0
input/examples/apply/PrimaryScreeningDecision_act-lactating__act-avgrisk.json	9914	2	1	0	0	0	0	0	0	11	0	0	0	0	0	0	0	0	0	0	27	17	0	0	0	0	0	0	0
input/examples/apply/PrimaryScreeningDecision_act-noexclusions.json	7939	2	1	0	0	0	0	0	1	12	0	0	0	0	0	0	0	0	0	0	23	15	0	0	0	0	0	0	0
input/examples/apply/PrimaryScreeningDecision_act-sdmcontinueage__act-avgrisk.json	10781	2	1	0	0	0	0	0	0	15	0	0	0	0	0	0	0	0	0	0	28	22	0	0	0	0	0	0	0
input/examples/apply/PrimaryScreeningDecision_act-sdmcontinueage__act-lactating__act-avgrisk.json	12783	2	2	0	0	0	0	0	1	16	0	0	0	0	0	0	0	0	0	0	34	20	0	0	0	0	0	0	0
input/examples/apply/PrimaryScreeningDecision_act-sdmcontinueage__act-sdmcontinuelifexp__act-avgrisk.json	13712	2	1	0	0	0	0	0	0	17	0	0	0	0	0	0	0	0	0	0	37	21	0	0	0	1	0	0	0
input/examples/apply/PrimaryScreeningDecision_act-sdmcontinueage__act-sdmcontinuelifexp__act-lactating__act-avgrisk.json	15714	2	1	0	0	0	0	0	1	20	0	0	0	0	0	0	0	0	0	0	41	22	0	0	0	0	0	0	0
input/examples/apply/PrimaryScreeningDecision_act-sdmcontinueage_act-sdmcontinuelifexp_end-decisionhighrisk.json	9981	2	1	0	0	0	0	0	0	14	0	0	0	0	0	0	0	0	0	0	29	18	0	0	0	0	0	0	0
input/examples/apply/PrimaryScreeningDecision_act-sdmcontinuelifexp__act-avgrisk.json	10843	2	2	0	0	0	0	0	1	11	0	0	0	0	0	0	0	0	0	0	28	18	0	0	0	0	0	0	0
input/examples/apply/PrimaryScreeningDecision_act-sdmcontinuelifexp__act-lactating__act-avgrisk.json	12823	2	1	0	0	0	0	0	0	14	0	0	0	0	0	0	0	0	0	0	33	20	0	0	0	0	0	0	1
input/examples/apply/PrimaryScreeningDecision_act-sdmcontinuelifexp__end-decisionspecialpop.json	14073	2	1	0	0	0	0	0	1	11	0	0	0	0	0	0	0	0	0	0	35	21	0	0	0	0	0	0	0
input/examples/apply/PrimaryScreeningDecision_act-sdmcontinuelifexp__eve-highriskexclusions__end-decisionhighrisk.json	7366	2	2	0	0	0	0	1	0	7	0	0	0	0	0	0	0	0	0	0	25	15	0	0	0	0	0	0	0
input/examples/apply/PrimaryScreeningDecision_act-startat25yand8yafterRT.json	7925	2	1	0	0	0	0	0	0	6	0	0	0	0	0	0	0	1	0	0	24	15	0	0	0	0	0	0	0
input/examples/apply/PrimaryScreeningDecision_eve-Age45to54_act-acsavgrecs45_act-uspstfavgrecs.json	7955	2	2	0	1	0	0	0	1	7	0	0	0	0	0	0	0	0	0	0	23	14	0	0	0	0	0	0	0
input/examples/apply/PrimaryScreeningDecision_eve-AgeOver54_act-acsavgrecs55-uspstfavgrecs.json	8173	2	1	0	0	0	0	0	0	6	0	0	0	0	0	0	0	0	0	0	24	14	0	0	0	0	0	0	0
input/examples/apply/PrimaryScreeningDecision_eve-AgeOver74__act-sdmcontinueage__eve-highriskexclusions__end-decisionhighrisk.json	7102	2	2	0	0	0	0	0	0	6	0	0	0	0	0	0	0	0	0	0	29	15	0	0	0	0	0	0	0
input/examples/apply/PrimaryScreeningDecision_eve-AgeOver74_yes_eve-LifeExp_yes.json	13708	2	1	0	0	0	0	0	1	11	0	0	0	0	0	0	0	0	0	0	34	19	0	0	0	0	0	0	0
input/examples/apply/PrimaryScreeningDecision_eve-acsgeneticrisk__act-acshighriskmammo__act-acshighriskmri.json	8038	2	1	0	0	0	0	0	0	11	0	0	0	0	0	0	0	0	0	0	23	15	0	0	0	0	0	0	0
input/examples/apply/PrimaryScreeningDecision_eve-age40to44_act-acsavgrecs40_act-uspstfavgrecs.json	7982	2	1	0	0	0	0	0	0	8	0	0	0	0	0	0	0	0	0	0	23	15	0	0	0	0	0	0	0
input/examples/apply/PrimaryScreeningDecision_eve-age40to44_act-acsavgrecs40_only.json	7969	2	1	0	0	0	0	0	1	7	0	0	0	0	0	0	0	0	0	0	28	14	0	0	0	0	0	0	0
input/examples/apply/PrimaryScreeningDecision_eve-ageUnder40_act-acsavgrecs40_act-uspstfavgrecs.json	7983	2	1	0	0	0	0	0	0	8	0	0	0	0	0	0	0	0	0	0	23	15	0	0	0	0	0	0	0
input/examples/apply/PrimaryScreeningDecision_eve-atypicalbx__eve-highlifetimerisk__act-acshighriskmammo__act-acshighriskmri.json	17779	2	2	0	0	0	0	0	1	14	0	0	0	0	0	0	0	0	0	0	40	25	0	0	0	0	0	0	0
input/examples/apply/PrimaryScreeningDecision_eve-breastdensitycord_act-performriskassessment.json	6772	2	1	0	0	0	0	0	0	9	0	0	0	0	0	0	0	0	0	0	23	15	0	0	0	0	0	0	0
input/examples/apply/PrimaryScreeningDecision_eve-breastfindings_yes_act-dxtesting.json	4198	2	2	1	0	0	0	0	0	5	0	0	0	0	0	0	0	0	0	0	23	14	0	0	0	0	0	0	0
input/examples/apply/PrimaryScreeningDecision_eve-breastsymptoms_yes_act-dxtesting.json	4198	2	1	0	0	0	0	0	0	5	0	0	0	0	0	0	0	0	0	0	19	13	0	0	0	0	0	0	0
input/examples/apply/PrimaryScreeningDecision_eve-female_no_end-noteligible.json	5164	1	2	0	0	0	0	0	1	7	0	0	0	0	0	0	0	0	0	0	20	13	0	0	0	0	0	0	0
input/examples/apply/PrimaryScreeningDecision_eve-female_yes_eve-breastca_yes_end-noteligible.json	4266	2	2	0	0	0	0	0	0	4	0	0	0	0	0	0	0	0	0	0	17	14	0	0	0	0	0	0	0
input/examples/apply/PrimaryScreeningDecision_eve-fhxbrcarisk_eve-acs_act-performriskassessment.json	7472	2	2	0	0	0	0	0	1	7	0	0	0	0	0	0	0	0	0	0	24	16	0	0	0	0	0	0	0
input/examples/apply/PrimaryScreeningDecision_eve-fhxbrcarisk_uspstf_only.json	7450	2	2	0	0	0	0	0	0	7	0	0	0	0	0	0	0	0	0	0	23	15	0	0	0	0	0	0	0
input/examples/apply/PrimaryScreeningDecision_eve-firstdeggenetic_eve-acs_act-firstdeggeneticmammo-firstdeggeneticmri.json	11288	2	3	0	1	0	0	0	1	9	0	0	0	0	0	0	0	0	0	0	31	19	0	0	0	0	0	0	0
input/examples/apply/PrimaryScreeningDecision_eve-geneticrisk_yes_eve-acsgeneticrisk_no_act-othergeneticrisk.json	3615	1	2	0	0	0	0	0	0	2	0	0	0	0	0	0	0	0	0	0	16	13	0	0	0	0	0	0	1
input/examples/apply/PrimaryScreeningDecision_eve-highlifetimerisk_eve-acs_act-acshighriskmammo_act-acshighriskmri.json	11207	3	1	0	0	0	0	0	0	9	0	0	0	0	0	0	0	1	0	0	27	20	0	0	0	0	0	0	0
input/examples/apply/PrimaryScreeningDecision_eve-highriskexclusions__end-decisionhighrisk.json	4454	1	1	0	0	0	0	0	0	5	0	0	0	0	0	0	0	0	0	0	16	14	0	0	0	0	0	0	0
input/examples/apply/PrimaryScreeningDecision_eve-hxbreastca_yes_eve-hxbreastcawithin5y_no_act-acsintriskmammo.json	4474	3	1	0	0	0	0	0	1	4	0	0	0	0	0	0	0	0	0	0	16	13	0	0	0	0	0	0	0
input/examples/apply/PrimaryScreeningDecision_eve-mastectomy_yes_end-noteligible.json	4114	3	1	0	0	0	0	0	0	6	0	0	0	0	0	0	0	0	0	0	16	13	0	0	0	0	0	0	0
input/examples/apply/PrimaryScreeningDecision_eve-specialpop_yes_end-decisionspecialpop.json	11180	2	1	0	0	0	0	0	0	40	0	0	0	0	0	0	0	0	0	0	28	19	0	0	0	0	0	0	0
input/examples/apply/PrimaryScreeningDecision_inc-AgeAtLeast18_MostRecentAgeValue_yes.json	4620	2	1	0	0	0	0	0	0	6	0	0	0	0	0	0	0	0	0	0	17	13	0	0	0	0	0	0	0
input/examples/apply/PrimaryScreeningDecision_inc-AgeAtLeast18_error.json	2245	1	1	0	0	0	0	0	0	2	0	0	0	0	0	0	0	0	0	0	13	10	0	0	0	0	0	0	0
input/examples/apply/PrimaryScreeningDecision_inc-AgeAtLeast18_no.json	2239	2	1	0	0	0	0	0	0	1	0	0	0	0	0	0	0	0	0	0	12	10	0	0	0	0	0	0	0
input/examples/apply/PrimaryScreeningDecision_inc-AgeAtLeast18_yes.json	8058	2	1	0	0	0	0	0	1	10	0	0	0	0	0	0	0	0	0	0	27	16	0	0	0	0	0	0	0
input/examples/apply/PrimaryScreeningDecision_inc-assignedfemaleatbirthortransfemale_no.json	2261	1	1	0	0	0	0	0	0	1	0	0	0	0	0	0	0	0	0	0	15	10	0	0	0	0	0	0	0
input/examples/apply/PrimaryScreeningDecision_inc-assignedfemaleatbirthortransfemale_yes.json	5177	2	1	0	0	0	0	0	0	8	0	0	0	0	0	0	0	0	0	0	20	14	0	0	0	0	0	0	0
input/examples/apply/ScreeningEligible_act-eligible.json	3568	1	1	0	0	0	0	0	0	5	0	0	0	0	0	0	0	0	0	0	15	12	0	0	0	0	0	0	0
input/examples/apply/ScreeningEligible_eve-breastfindings_yes_act-dxtesting.json	4187	2	1	0	0	0	0	0	0	5	0	0	0	0	0	0	0	0	0	0	16	13	0	0	0	0	0	0	0
input/examples/apply/ScreeningEligible_eve-breastsymptoms_yes_act-dxtesting.json	4187	2	1	0	0	0	0	0	0	4	0	0	0	0	0	0	0	0	0	0	17	13	0	0	0	0	0	0	0
input/examples/apply/ScreeningEligible_eve-female_no_end-noteligible.json	5153	1	1	0	0	0	0	0	1	8	0	0	0	0	0	0	0	0	0	0	19	13	0	0	0	0	0	0	0
input/examples/apply/ScreeningEligible_eve-female_yes_eve-breastca_yes_end-noteligible.json	4255	2	1	0	1	0	0	0	0	6	0	0	0	0	0	0	0	0	0	0	17	13	0	0	0	0	0	0	0
input/examples/apply/ScreeningEligible_eve-mastectomy_yes_end-noteligible.json	4103	2	1	0	0	0	0	0	0	5	0	0	0	0	0	0	0	0	0	0	17	12	0	0	0	0	0	0	0
input/examples/apply/ScreeningEligible_inc-AgeAtLeast18_MostRecentAgeValue_yes.json	3595	1	1	0	0	0	0	0	0	5	0	0	0	0	0	0	0	0	0	0	14	12	0	0	0	0	0	0	0
input/examples/apply/ScreeningEligible_inc-AgeAtLeast18_error.json	4614	2	3	0	0	0	0	0	0	4	0	0	0	0	0	0	0	0	0	0	28	13	0	0	0	0	0	0	0
input/examples/apply/ScreeningEligible_inc-AgeAtLeast18_no.json	2228	1	1	0	0	0	0	0	0	3	0	0	0	0	0	0	0	0	0	0	12	11	0	0	0	0	0	0	0
input/examples/apply/ScreeningEligible_inc-AgeAtLeast18_yes.json	3576	2	1	0	0	0	0	0	0	10	0	0	0	0	0	0	0	0	0	0	15	12	0	0	0	0	0	0	0
input/examples/apply/ScreeningEligible_inc-assignedfemaleatbirthortransfemale_no.json	2250	2	1	0	1	0	0	0	0	3	0	0	0	0	0	0	0	0	0	0	12	11	0	0	0	0	0	0	0
input/examples/apply/ScreeningEligible_inc-assignedfemaleatbirthortransfemale_yes.json	5166	1	1	0	0	0	0	0	1	11	0	0	0	0	0	0	0	0	0	0	21	14	0	0	0	0	0	0	0
input/examples/apply/SpecialPopulations_eve-breastdensitycord_act-performriskassessment.json	6764	2	1	0	0	0	0	0	0	10	0	0	0	0	0	0	0	0	0	0	22	16	0	0	0	0	0	0	0
input/examples/apply/SpecialPopulations_eve-fhxbrcarisk_eve-acs_act-performriskassessment.json	7464	2	1	0	0	0	0	0	0	9	0	0	0	0	0	0	0	0	0	0	22	15	0	0	0	0	0	0	0
input/examples/apply/SpecialPopulations_eve-fhxbrcarisk_uspstf_only.json	7442	2	1	0	0	0	0	0	0	8	0	0	0	0	0	0	0	0	0	0	24	16	0	0	0	0	0	0	0
input/examples/apply/SpecialPopulations_eve-firstdeggenetic_eve-acs_act-firstdeggeneticmammo-firstdeggeneticmri.json	11280	2	2	0	0	0	0	0	1	11	0	0	0	0	0	0	0	0	0	0	28	20	0	0	0	0	0	0	0
input/examples/apply/SpecialPopulations_eve-highlifetimerisk_eve-acs_act-acshighriskmammo_act-acshighriskmri.json	11199	2	1	0	0	0	0	0	0	11	0	0	0	0	0	0	0	0	0	0	29	20	0	0	0	0	0	0	0
input/resources/library/AverageRisk.json	298554	3	0	0	0	0	0	0	1	723	0	0	0	0	0	0	0	1	0	0	382	26	0	0	0	0	20	0	1
input/resources/library/AverageRiskActions.json	121198	2	0	0	0	0	0	0	0	11	0	0	0	0	0	0	0	0	0	0	169	15	0	0	0	0	9	0	0
input/resources/library/AverageRiskEvents.json	40859	2	0	0	0	0	0	0	0	9	0	0	0	0	0	0	0	0	0	0	67	10	0	0	0	0	4	0	0
input/resources/library/BCSMCommonFunctions.json	928790	6	0	0	0	0	0	0	1	17	0	0	0	0	0	0	0	0	0	0	1224	72	0	0	0	0	70	0	0
input/resources/library/CDSConnectCommonsforFHIRv401.json	960026	6	0	0	0	0	0	0	0	15	0	0	0	0	0	0	0	0	0	0	1271	68	0	0	0	0	62	0	0
input/resources/library/CSMCommonFunctions.json	1198149	7	0	0	0	0	0	0	0	12	0	0	0	0	0	0	0	0	0	0	1518	76	0	0	0	0	80	0	0
input/resources/library/DataElements.json	2235414	16	0	0	0	0	0	0	3	109	0	0	0	0	0	0	0	1	0	0	2952	164	0	0	0	0	146	0	0
input/resources/library/DecisionToScreen.json	1051645	7	0	0	0	0	0	0	1	34	0	0	0	0	0	0	0	0	0	0	1349	72	0	0	0	0	55	0	0
input/resources/library/DecisionToScreenActions.json	57700	2	0	0	0	0	0	0	0	12	0	0	0	0	0	0	0	0	0	0	89	12	0	0	0	0	3	0	0
input/resources/library/DecisionToScreenEvents.json	47238	2	0	0	0	0	0	0	1	11	0	0	0	0	0	0	0	0	0	0	76	9	0	0	0	0	3	0	1
input/resources/library/FHIRHelpers.json	548013	4	0	0	0	0	0	0	0	4	0	0	0	0	0	0	0	0	0	0	724	41	0	0	0	0	24	0	0
input/resources/library/FollowupScreeningResult.json	599409	5	0	0	0	0	0	0	1	25	0	0	0	0	0	0	0	0	0	0	793	83	0	0	0	0	34	0	0
input/resources/library/FollowupScreeningResultActions.json	157280	3	0	0	0	0	0	0	0	16	0	0	0	0	0	0	0	0	0	0	220	19	0	0	0	0	9	0	0
input/resources/library/FollowupScreeningResultEvents.json	305454	3	0	0	0	0	0	0	0	15	0	0	0	0	0	0	0	0	0	0	400	28	0	0	0	0	25	0	0
input/resources/library/GeneticRiskReferral.json	204527	3	0	0	1	0	0	0	1	15	0	0	0	0	0	0	0	0	0	0	275	21	0	0	0	0	13	0	0
input/resources/library/GeneticRiskReferralActions.json	75128	2	0	0	0	0	0	0	0	12	0	0	0	0	0	0	0	1	0	0	112	12	0	0	0	0	4	0	0
input/resources/library/GeneticRiskReferralEvents.json	115741	2	0	0	0	0	0	0	0	12	0	0	0	0	0	0	0	0	0	0	166	14	0	0	0	0	8	0	0
input/resources/library/HighRiskExclusions.json	722846	5	0	0	0	0	0	0	1	22	0	0	0	0	0	0	0	0	0	0	913	51	0	0	0	0	48	0	0
input/resources/library/HighRiskExclusionsActions.json	268166	3	0	0	0	0	1	0	0	16	0	0	0	0	0	0	0	0	0	0	351	30	0	0	0	0	19	0	0
input/resources/library/HighRiskExclusionsEvents.json	66492	3	0	0	0	0	0	0	1	26	0	0	0	0	0	0	0	0	0	0	128	13	0	0	0	0	4	0	0
input/resources/library/HighRiskReferral.json	295811	3	0	0	0	0	0	0	1	31	0	0	0	0	0	0	0	0	0	0	405	25	0	0	0	0	18	0	1
input/resources/library/HighRiskReferralActions.json	104797	2	0	0	0	0	0	0	0	12	0	0	0	0	0	0	0	0	0	0	148	13	0	0	0	0	6	0	0
input/resources/library/HighRiskReferralEvents.json	249114	3	0	0	0	0	0	0	1	23	0	0	0	0	0	0	0	0	0	0	337	22	0	0	0	0	17	0	0
input/resources/library/Hospice.json	406738	4	0	0	0	1	0	0	0	18	0	0	0	0	0	0	0	0	0	0	540	29	0	0	0	0	28	0	0
input/resources/library/PertinentHistory.json	1250934	9	0	0	0	0	0	0	2	70	0	0	0	0	0	0	0	1	0	0	1633	83	0	0	0	0	81	0	0
input/resources/library/PrimaryScreeningDecision.json	509823	33	0	0	0	0	0	0	1	31	0	0	0	0	0	0	0	0	0	0	675	42	0	0	0	0	27	0	0
input/resources/library/ScreeningDue.json	49779	2	0	0	0	0	0	0	1	19	0	0	0	0	0	0	0	0	0	0	92	11	0	0	0	0	3	0	0
input/resources/library/ScreeningDueActions.json	30718	1	0	0	0	0	0	0	0	9	0	0	0	0	0	0	0	0	0	0	53	14	0	0	0	0	2	0	0
input/resources/library/ScreeningDueEvents.json	663197	5	0	0	1	0	0	0	0	13	0	0	0	0	0	0	0	0	0	0	836	45	0	0	0	0	47	0	0
input/resources/library/ScreeningEligible.json	237820	3	0	0	0	0	0	0	1	17	0	0	0	0	0	0	0	1	0	0	314	22	0	0	0	0	16	0	0
input/resources/library/ScreeningEligibleActions.json	77608	2	0	0	0	0	0	0	0	10	0	0	0	0	0	0	0	0	0	0	113	12	0	0	0	0	5	0	0
input/resources/library/ScreeningEligibleEvents.json	60557	2	0	0	0	0	0	0	1	28	0	0	0	0	0	0	0	0	0	0	112	12	0	0	0	0	5	0	0
input/resources/library/ScreeningTestIncomplete.json	51871	2	0	0	0	0	0	0	0	15	0	0	0	0	0	0	0	0	0	0	89	13	0	0	0	0	3	0	1
input/resources/library/ScreeningTestIncompleteEvents.json	410516	4	0	0	0	0	0	0	0	16	0	0	0	0	0	0	0	0	0	0	549	30	0	0	0	0	42	0	0
input/resources/library/SpecialPopulations.json	504389	5	0	0	0	0	0	0	1	15	0	0	0	0	0	0	0	0	0	0	639	45	0	0	0	0	31	0	0
input/resources/library/SpecialPopulationsActions.json	179609	2	0	0	0	0	0	0	0	12	0	0	0	0	0	0	0	0	0	0	240	17	0	0	0	0	11	0	0
input/resources/library/SpecialPopulationsEvents.json	57607	2	0	0	0	0	0	0	1	47	0	0	0	0	0	0	0	0	0	0	98	11	0	0	0	0	4	0	0
